USE cowaa
GO

-- 1. CLEAR EXISTING DATA (Optional, ensures a clean start)
DELETE FROM CHBS_MEETINFO
DELETE FROM CHBS_BOOKINGINFO
DELETE FROM CHBS_USERINFO
DELETE FROM CHBS_PA
DELETE FROM CHBS_ROLEINFO
DELETE FROM CHBS_HALLS
DELETE FROM CHBS_SLOTINFO
DELETE FROM CHBS_MEETINGTYPES
DELETE FROM CHBS_HOLIDAYS
GO

-- 2. MASTER DATA: ROLES
INSERT INTO CHBS_ROLEINFO (ROLEID, ROLEDESC) VALUES ('ADMIN', 'Full system access and hall management')
INSERT INTO CHBS_ROLEINFO (ROLEID, ROLEDESC) VALUES ('NORMAL', 'Standard user - can request and view bookings')
INSERT INTO CHBS_ROLEINFO (ROLEID, ROLEDESC) VALUES ('PA', 'Personal Assistant - manages bookings for senior staff')
GO

-- 3. MASTER DATA: SLOTS (32 Slots)
INSERT INTO CHBS_SLOTINFO (SLOTID, SLOTTIME) VALUES (1, '09:00 - 09:15')
INSERT INTO CHBS_SLOTINFO (SLOTID, SLOTTIME) VALUES (2, '09:15 - 09:30')
INSERT INTO CHBS_SLOTINFO (SLOTID, SLOTTIME) VALUES (3, '09:30 - 09:45')
INSERT INTO CHBS_SLOTINFO (SLOTID, SLOTTIME) VALUES (4, '09:45 - 10:00')
INSERT INTO CHBS_SLOTINFO (SLOTID, SLOTTIME) VALUES (5, '10:00 - 10:15')
INSERT INTO CHBS_SLOTINFO (SLOTID, SLOTTIME) VALUES (6, '10:15 - 10:30')
INSERT INTO CHBS_SLOTINFO (SLOTID, SLOTTIME) VALUES (7, '10:30 - 10:45')
INSERT INTO CHBS_SLOTINFO (SLOTID, SLOTTIME) VALUES (8, '10:45 - 11:00')
INSERT INTO CHBS_SLOTINFO (SLOTID, SLOTTIME) VALUES (9, '11:00 - 11:15')
INSERT INTO CHBS_SLOTINFO (SLOTID, SLOTTIME) VALUES (10, '11:15 - 11:30')
INSERT INTO CHBS_SLOTINFO (SLOTID, SLOTTIME) VALUES (11, '11:30 - 11:45')
INSERT INTO CHBS_SLOTINFO (SLOTID, SLOTTIME) VALUES (12, '11:45 - 12:00')
INSERT INTO CHBS_SLOTINFO (SLOTID, SLOTTIME) VALUES (13, '12:00 - 12:15')
INSERT INTO CHBS_SLOTINFO (SLOTID, SLOTTIME) VALUES (14, '12:15 - 12:30')
INSERT INTO CHBS_SLOTINFO (SLOTID, SLOTTIME) VALUES (15, '12:30 - 12:45')
INSERT INTO CHBS_SLOTINFO (SLOTID, SLOTTIME) VALUES (16, '12:45 - 13:00')
INSERT INTO CHBS_SLOTINFO (SLOTID, SLOTTIME) VALUES (17, '13:00 - 13:15')
INSERT INTO CHBS_SLOTINFO (SLOTID, SLOTTIME) VALUES (18, '13:15 - 13:30')
INSERT INTO CHBS_SLOTINFO (SLOTID, SLOTTIME) VALUES (19, '13:30 - 13:45')
INSERT INTO CHBS_SLOTINFO (SLOTID, SLOTTIME) VALUES (20, '13:45 - 14:00')
INSERT INTO CHBS_SLOTINFO (SLOTID, SLOTTIME) VALUES (21, '14:00 - 14:15')
INSERT INTO CHBS_SLOTINFO (SLOTID, SLOTTIME) VALUES (22, '14:15 - 14:30')
INSERT INTO CHBS_SLOTINFO (SLOTID, SLOTTIME) VALUES (23, '14:30 - 14:45')
INSERT INTO CHBS_SLOTINFO (SLOTID, SLOTTIME) VALUES (24, '14:45 - 15:00')
INSERT INTO CHBS_SLOTINFO (SLOTID, SLOTTIME) VALUES (25, '15:00 - 15:15')
INSERT INTO CHBS_SLOTINFO (SLOTID, SLOTTIME) VALUES (26, '15:15 - 15:30')
INSERT INTO CHBS_SLOTINFO (SLOTID, SLOTTIME) VALUES (27, '15:30 - 15:45')
INSERT INTO CHBS_SLOTINFO (SLOTID, SLOTTIME) VALUES (28, '15:45 - 16:00')
INSERT INTO CHBS_SLOTINFO (SLOTID, SLOTTIME) VALUES (29, '16:00 - 16:15')
INSERT INTO CHBS_SLOTINFO (SLOTID, SLOTTIME) VALUES (30, '16:15 - 16:30')
INSERT INTO CHBS_SLOTINFO (SLOTID, SLOTTIME) VALUES (31, '16:30 - 16:45')
INSERT INTO CHBS_SLOTINFO (SLOTID, SLOTTIME) VALUES (32, '16:45 - 17:00')
GO

-- 4. MASTER DATA: MEETING TYPES (Setting IDENTITY explicitly)
SET IDENTITY_INSERT CHBS_MEETINGTYPES ON
INSERT INTO CHBS_MEETINGTYPES (MEETID, MEETNAME, MEETDESC) VALUES (1, 'Launch Readiness Review', 'Final technical assessment before rocket integration.')
INSERT INTO CHBS_MEETINGTYPES (MEETID, MEETNAME, MEETDESC) VALUES (2, 'Payload Integration Brief', 'Discussion on satellite-to-fairing mating procedures.')
INSERT INTO CHBS_MEETINGTYPES (MEETID, MEETNAME, MEETDESC) VALUES (3, 'Mission Analysis Council', 'Strategic planning for upcoming interplanetary missions.')
INSERT INTO CHBS_MEETINGTYPES (MEETID, MEETNAME, MEETDESC) VALUES (4, 'Ground Station Sync', 'Coordination between ISTRAC and global tracking stations.')
INSERT INTO CHBS_MEETINGTYPES (MEETID, MEETNAME, MEETDESC) VALUES (5, 'Post-Flight Analysis', 'Evaluation of telemetry data from recent launches.')
INSERT INTO CHBS_MEETINGTYPES (MEETID, MEETNAME, MEETDESC) VALUES (6, 'Cryogenic Stage Review', 'Specialized review for high-thrust engine performance.')
INSERT INTO CHBS_MEETINGTYPES (MEETID, MEETNAME, MEETDESC) VALUES (7, 'Commercial Launch Liaison', 'Meetings with NewSpace India Limited (NSIL) partners.')
INSERT INTO CHBS_MEETINGTYPES (MEETID, MEETNAME, MEETDESC) VALUES (8, 'Human Spaceflight Committee', 'Gaganyaan mission progress and astronaut training updates.')
INSERT INTO CHBS_MEETINGTYPES (MEETID, MEETNAME, MEETDESC) VALUES (9, 'Space Debris Mitigation', 'Orbital safety and collision avoidance maneuvers.')
INSERT INTO CHBS_MEETINGTYPES (MEETID, MEETNAME, MEETDESC) VALUES (10, 'Satellite Design Workshop', 'Initial drafting for next-gen communication satellites.')
SET IDENTITY_INSERT CHBS_MEETINGTYPES OFF
GO

-- 5. MASTER DATA: HALLS (Setting IDENTITY explicitly)
SET IDENTITY_INSERT CHBS_HALLS ON
INSERT INTO CHBS_HALLS (HALLID, BUILDNAME, HALLNAME, HALLCODE, ISAVAILABLE, ISDIRECTORHALL) VALUES (1, 'Vikram Sarabhai Block', 'Antariksh Hall', 'VS-ANT-01', 1, 1)
INSERT INTO CHBS_HALLS (HALLID, BUILDNAME, HALLNAME, HALLCODE, ISAVAILABLE, ISDIRECTORHALL) VALUES (2, 'Satish Dhawan Center', 'SHAR Briefing Room', 'SD-SHR-02', 1, 0)
INSERT INTO CHBS_HALLS (HALLID, BUILDNAME, HALLNAME, HALLCODE, ISAVAILABLE, ISDIRECTORHALL) VALUES (3, 'Aryabhata Wing', 'Telemetry Suite A', 'AR-TEL-03', 1, 0)
INSERT INTO CHBS_HALLS (HALLID, BUILDNAME, HALLNAME, HALLCODE, ISAVAILABLE, ISDIRECTORHALL) VALUES (4, 'Kalam Research Hub', 'Missile Systems Room', 'KL-MSR-04', 1, 0)
INSERT INTO CHBS_HALLS (HALLID, BUILDNAME, HALLNAME, HALLCODE, ISAVAILABLE, ISDIRECTORHALL) VALUES (5, 'Chandrayaan Tower', 'Lunar Orbit Room', 'CH-LOR-05', 1, 1)
INSERT INTO CHBS_HALLS (HALLID, BUILDNAME, HALLNAME, HALLCODE, ISAVAILABLE, ISDIRECTORHALL) VALUES (6, 'Mangalyaan Annex', 'Mars Command Center', 'MG-MCC-06', 1, 0)
INSERT INTO CHBS_HALLS (HALLID, BUILDNAME, HALLNAME, HALLCODE, ISAVAILABLE, ISDIRECTORHALL) VALUES (7, 'Aditya Lab', 'Solar Observation Lab', 'AD-SOL-07', 1, 0)
INSERT INTO CHBS_HALLS (HALLID, BUILDNAME, HALLNAME, HALLCODE, ISAVAILABLE, ISDIRECTORHALL) VALUES (8, 'UR Rao Center', 'Clean Room Alpha', 'UR-CRA-08', 1, 0)
INSERT INTO CHBS_HALLS (HALLID, BUILDNAME, HALLNAME, HALLCODE, ISAVAILABLE, ISDIRECTORHALL) VALUES (9, 'Space Applications Center', 'Earth Insight Hall', 'SA-EIH-09', 1, 0)
INSERT INTO CHBS_HALLS (HALLID, BUILDNAME, HALLNAME, HALLCODE, ISAVAILABLE, ISDIRECTORHALL) VALUES (10, 'ISTRAC Node', 'Deep Space Network 1', 'IS-DSN-10', 1, 1)
SET IDENTITY_INSERT CHBS_HALLS OFF
GO

-- 6. HOLIDAYS
INSERT INTO CHBS_HOLIDAYS (HOLIDAYDATE, HOLIDAYNAME, HOLIDAYTYPE, ISRECURRING) VALUES ('2026-01-26', 'Republic Day', 'NATIONAL', 1)
INSERT INTO CHBS_HOLIDAYS (HOLIDAYDATE, HOLIDAYNAME, HOLIDAYTYPE, ISRECURRING) VALUES ('2026-03-20', 'Eid-ul-Fitr', 'GAZETTED', 0)
INSERT INTO CHBS_HOLIDAYS (HOLIDAYDATE, HOLIDAYNAME, HOLIDAYTYPE, ISRECURRING) VALUES ('2026-03-25', 'Holi', 'GAZETTED', 0)
INSERT INTO CHBS_HOLIDAYS (HOLIDAYDATE, HOLIDAYNAME, HOLIDAYTYPE, ISRECURRING) VALUES ('2026-04-03', 'Good Friday', 'GAZETTED', 0)
INSERT INTO CHBS_HOLIDAYS (HOLIDAYDATE, HOLIDAYNAME, HOLIDAYTYPE, ISRECURRING) VALUES ('2026-05-27', 'Eid-ul-Adha', 'GAZETTED', 0)
INSERT INTO CHBS_HOLIDAYS (HOLIDAYDATE, HOLIDAYNAME, HOLIDAYTYPE, ISRECURRING) VALUES ('2026-08-15', 'Independence Day', 'NATIONAL', 1)
INSERT INTO CHBS_HOLIDAYS (HOLIDAYDATE, HOLIDAYNAME, HOLIDAYTYPE, ISRECURRING) VALUES ('2026-10-02', 'Gandhi Jayanti', 'NATIONAL', 1)
INSERT INTO CHBS_HOLIDAYS (HOLIDAYDATE, HOLIDAYNAME, HOLIDAYTYPE, ISRECURRING) VALUES ('2026-10-20', 'Dussehra', 'GAZETTED', 0)
INSERT INTO CHBS_HOLIDAYS (HOLIDAYDATE, HOLIDAYNAME, HOLIDAYTYPE, ISRECURRING) VALUES ('2026-11-08', 'Diwali', 'GAZETTED', 0)
INSERT INTO CHBS_HOLIDAYS (HOLIDAYDATE, HOLIDAYNAME, HOLIDAYTYPE, ISRECURRING) VALUES ('2026-12-25', 'Christmas Day', 'GAZETTED', 1)
GO

-- 7. USERS AND PAs
INSERT INTO CHBS_USERINFO (EMPLOYEECODE, EMPLOYEENAME, PASSWRD, STATUS, ROLEID) VALUES ('EMP0001', 'Karan', '$2b$12$kWHzUWdAZTKU5eMpA6ETXeURPaVRsChaeZunNoNklkqGjB7NGDuM6', 'ACTIVE', 'ADMIN')
INSERT INTO CHBS_USERINFO (EMPLOYEECODE, EMPLOYEENAME, PASSWRD, STATUS, ROLEID) VALUES ('EMP0002', 'Karan2', '$2b$12$kWHzUWdAZTKU5eMpA6ETXeURPaVRsChaeZunNoNklkqGjB7NGDuM6', 'ACTIVE', 'NORMAL')
INSERT INTO CHBS_USERINFO (EMPLOYEECODE, EMPLOYEENAME, PASSWRD, STATUS, ROLEID) VALUES ('EMP0003', 'Karan3', '$2b$12$kWHzUWdAZTKU5eMpA6ETXeURPaVRsChaeZunNoNklkqGjB7NGDuM6', 'ACTIVE', 'NORMAL')
INSERT INTO CHBS_PA (PA_EMPCODE, PA_NAME, PASSWRD, STATUS) VALUES ('P000001', 'Karan', '$2b$12$kWHzUWdAZTKU5eMpA6ETXeURPaVRsChaeZunNoNklkqGjB7NGDuM6', 'ACTIVE')
GO

-- 8. TRANSACTIONS: BOOKINGS
INSERT INTO CHBS_BOOKINGINFO (BOOKINGID, HALLID, BOOKEDBY, ONBEHALFOF, STARTSLOT, ENDSLOT, BOOKINGDATE, BOOKINGSTATUS, CREATED_AT) VALUES ('0128f7e8-161f-11f1-aaed-fc3497df2925', 5, 'P000001', 'EMP0002', 1, 8, '2026-03-02', 'CONFIRMED', '2026-03-02 15:33:04')
INSERT INTO CHBS_BOOKINGINFO (BOOKINGID, HALLID, BOOKEDBY, ONBEHALFOF, STARTSLOT, ENDSLOT, BOOKINGDATE, BOOKINGSTATUS, CREATED_AT) VALUES ('07823cff-1294-11f1-9039-ec2e98ea7e42', 7, 'EMP0002', NULL, 1, 9, '2026-03-26', 'CANCELLED', '2026-02-26 03:20:41')
INSERT INTO CHBS_BOOKINGINFO (BOOKINGID, HALLID, BOOKEDBY, ONBEHALFOF, STARTSLOT, ENDSLOT, BOOKINGDATE, BOOKINGSTATUS, CREATED_AT) VALUES ('079b811e-1623-11f1-aaed-fc3497df2925', 5, 'EMP0001', NULL, 1, 8, '2026-03-04', 'CONFIRMED', '2026-03-02 16:01:53')
INSERT INTO CHBS_BOOKINGINFO (BOOKINGID, HALLID, BOOKEDBY, ONBEHALFOF, STARTSLOT, ENDSLOT, BOOKINGDATE, BOOKINGSTATUS, CREATED_AT) VALUES ('18fb76b4-18ab-11f1-890a-fc3497df2925', 3, 'EMP0001', NULL, 22, 32, '2026-03-06', 'CONFIRMED', '2026-03-05 21:20:56')
INSERT INTO CHBS_BOOKINGINFO (BOOKINGID, HALLID, BOOKEDBY, ONBEHALFOF, STARTSLOT, ENDSLOT, BOOKINGDATE, BOOKINGSTATUS, CREATED_AT) VALUES ('2088ee3d-18ab-11f1-890a-fc3497df2925', 4, 'EMP0001', NULL, 22, 32, '2026-03-06', 'CONFIRMED', '2026-03-05 21:21:09')
INSERT INTO CHBS_BOOKINGINFO (BOOKINGID, HALLID, BOOKEDBY, ONBEHALFOF, STARTSLOT, ENDSLOT, BOOKINGDATE, BOOKINGSTATUS, CREATED_AT) VALUES ('8846c568-18ab-11f1-890a-fc3497df2925', 9, 'EMP0001', NULL, 22, 32, '2026-03-06', 'CONFIRMED', '2026-03-05 21:24:23')
INSERT INTO CHBS_BOOKINGINFO (BOOKINGID, HALLID, BOOKEDBY, ONBEHALFOF, STARTSLOT, ENDSLOT, BOOKINGDATE, BOOKINGSTATUS, CREATED_AT) VALUES ('9af4ed53-18ab-11f1-890a-fc3497df2925', 8, 'EMP0001', NULL, 24, 32, '2026-03-06', 'CONFIRMED', '2026-03-05 21:24:34')
INSERT INTO CHBS_BOOKINGINFO (BOOKINGID, HALLID, BOOKEDBY, ONBEHALFOF, STARTSLOT, ENDSLOT, BOOKINGDATE, BOOKINGSTATUS, CREATED_AT) VALUES ('a3ff7b04-1ec7-11f1-980f-fc3497df2925', 7, 'EMP0001', NULL, 1, 22, '2026-03-19', 'CANCELLED', '2026-03-13 16:00:22')
INSERT INTO CHBS_BOOKINGINFO (BOOKINGID, HALLID, BOOKEDBY, ONBEHALFOF, STARTSLOT, ENDSLOT, BOOKINGDATE, BOOKINGSTATUS, CREATED_AT) VALUES ('a526a8ac-1290-11f1-9039-ec2e98ea7e42', 7, 'EMP0001', NULL, 1, 12, '2026-02-27', 'CANCELLED', '2026-02-26 02:56:28')
GO